title,release
Fantasy Strike,31-Mar-20
DAEMON X MACHINA,31-Dec-19
MARVEL ULTIMATE ALLIANCE 3: The Black Order,31-Dec-19
Yoshi's Crafted World,31-Dec-19
Catan Universe,31-Dec-19
Huntdown,31-Dec-19
Kentucky Route Zero: TV Edition,31-Dec-19
Killer Queen Black,31-Dec-19
Levelhead,31-Dec-19
Munchkin,31-Dec-19
Team Sonic Racing,31-Dec-19
Wargroove,31-Dec-19
King of the Hat,30-Apr-19
Mineko's Night Market,30-Apr-19
Samurai Gunn 2,30-Apr-19
Shovel Knight: King of Cards,30-Apr-19
The Lord of the Rings: Living Card Game,30-Apr-19
The World Next Door,30-Apr-19
Untitled Goose Game,30-Apr-19
Mortal Kombat 11,23-Apr-19
Bullet Age,31-Mar-19
Pandemic,31-Mar-19
ToeJam & Earl: Back in the Groove!,1-Mar-19
DreamWorks Dragons Dawn of New Riders,15-Feb-19
AWAY: Journey to the Unexpected,7-Feb-19
Dragon Marked For Death,30-Jan-19
Mages of Mystralia,29-Jan-19
SMITE,24-Jan-19
Travis Strikes Again: No More Heroes,18-Jan-19
YIIK: A Postmodern RPG,17-Jan-19
Onimusha: Warlords,15-Jan-19
Forever Forest,14-Jan-19
New Super Mario Bros. U Deluxe,11-Jan-19
Stellar Interface,11-Jan-19
Tales of Vesperia: Definitive Edition,11-Jan-19
A Ch'ti Bundle,10-Jan-19
Bury me, my Love,10-Jan-19
Double Cross,10-Jan-19
Inside My Radio,10-Jan-19
Mecho Wars: Desert Ashes,10-Jan-19
Overdriven Reloaded: Special Edition,10-Jan-19
Snowboarding The Next Phase,10-Jan-19
Fitness Boxing,4-Jan-19
99Seconds,4-Jan-19
Mad Age & This Guy,4-Jan-19
Dreamwalker,3-Jan-19
JCB Pioneer: Mars,3-Jan-19
Job the Leprechaun,3-Jan-19
Pic-a-Pix Pieces,3-Jan-19
The Aquatic Adventure of the Last Human,3-Jan-19
Xenon Valkyrie+,1-Jan-19
Super Meat Boy Forever,31-Dec-18
Treasure Stack,31-Dec-18
Abyss,25-Dec-18
Odium to the Core,25-Dec-18
Uncanny Valley,25-Dec-18
Aaero: Complete Edition,24-Dec-18
Blacksea Odyssey,24-Dec-18
Digerati Indie Bundle: INK & HackyZack,24-Dec-18
Omega Strike,24-Dec-18
Pipe Push Paradise,24-Dec-18
Super Hero Fight Club: Reloaded,24-Dec-18
Super Treasure Arena,24-Dec-18
Koloro,22-Dec-18
Mana Spark,22-Dec-18
Wondershot,22-Dec-18
Clouds & Sheep 2,21-Dec-18
Dynamite Fishing - World Games,21-Dec-18
Sundered: Eldritch Edition,21-Dec-18
Awe,20-Dec-18
Battle Princess Madelyn,20-Dec-18
Cake Laboratory,20-Dec-18
Chronus Arc,20-Dec-18
Funghi Explosion,20-Dec-18
Guess the Character,20-Dec-18
Horizon Shift '81,20-Dec-18
Kingmaker: Rise to the Throne,20-Dec-18
Leopoldo Manquiseil,20-Dec-18
Nightshade,20-Dec-18
Revertia,20-Dec-18
The Keep,20-Dec-18
Viviette,20-Dec-18
Donut County,18-Dec-18
Sheltered,18-Dec-18
Firewatch,17-Dec-18
Hyperide: Vector Raid,17-Dec-18
Lazy Galaxy: Rebel Story,14-Dec-18
Peace, Death! Complete Edition,14-Dec-18
Race Arcade,14-Dec-18
ACA NEOGEO METAL SLUG 5,13-Dec-18
Almightree: The Last Dreamer,13-Dec-18
Arcade Archives ATHENA,13-Dec-18
Atari Flashback Classics,13-Dec-18
Big Bash Boom,13-Dec-18
Blue Rider,13-Dec-18
GRIS,13-Dec-18
Hunter's Legacy: Purrfect Edition,13-Dec-18
Knights of Pen & Paper 2 Deluxiest Edition,13-Dec-18
Knights of Pen and Paper Bundle,13-Dec-18
Mahjong Solitaire Refresh,13-Dec-18
MIND: Path to Thalamus,13-Dec-18
Omensight: Definitive Edition,13-Dec-18
Oxyjet,13-Dec-18
Party Arcade,13-Dec-18
Rain World,13-Dec-18
RollerCoaster Tycoon Adventures,13-Dec-18
SEGA AGES Phantasy Star,13-Dec-18
Starman,13-Dec-18
TRYBIT LOGIC,13-Dec-18
Venture Towns,13-Dec-18
Desert Child,11-Dec-18
Ethan: Meteor Hunter,11-Dec-18
Everspace - Stellar Edition,11-Dec-18
Kingdom Two Crowns,11-Dec-18
Solar Flux,11-Dec-18
Guacamelee! 2,10-Dec-18
Quarantine Circular,8-Dec-18
Super Smash Bros. Ultimate,7-Dec-18
Super Smash Bros. Ultimate Special Edition,7-Dec-18
'n Verlore Verstand,7-Dec-18
Hello Neighbor Hide and Seek,7-Dec-18
Katamari Damacy REROLL,7-Dec-18
Santa Tracker,7-Dec-18
SEGA Genesis Classics,7-Dec-18
ACA NEOGEO TWINKLE STAR SPRITES,6-Dec-18
Arcade Archives DOUBLE DRAGON II The Revenge,6-Dec-18
Basketball,6-Dec-18
Beholder: Complete Edition,6-Dec-18
Carcassonne,6-Dec-18
Color Zen,6-Dec-18
Conduct TOGETHER!,6-Dec-18
Football Manager 2019 Touch,6-Dec-18
Gnomes Garden,6-Dec-18
INSTANT TENNIS,6-Dec-18
Ivanych vs Eared Beast,6-Dec-18
Julie's Sweets,6-Dec-18
LongStory: A dating game for the real world,6-Dec-18
Rival Megagun,6-Dec-18
Ultimate Runner,6-Dec-18
Energy Cycle Edge,5-Dec-18
Atelier Arland series Deluxe Pack,4-Dec-18
Atelier Meruru The Apprentice of Arland DX,4-Dec-18
Atelier Rorona The Alchemist of Arland DX,4-Dec-18
Atelier Totori The Adventurer of Arland DX,4-Dec-18
Gear.Club Unlimited 2,4-Dec-18
Monica e a Guarda dos Coelhos,4-Dec-18
Monster Boy and the Cursed Kingdom,4-Dec-18
Toki,4-Dec-18
Demetrios - The BIG Cynical Adventure,3-Dec-18
ROCK BOSHERS DX: Director's Cut,1-Dec-18
ARK: Survival Evolved,30-Nov-18
Coffee Crisis,30-Nov-18
Escape Doodland,30-Nov-18
Harvest Life,30-Nov-18
I Am The Hero,30-Nov-18
OkunoKA,30-Nov-18
Secret Files: Tunguska,30-Nov-18
Superbrothers: Sword & Sworcery EP,30-Nov-18
The First Tree,30-Nov-18
3D Billiards - Pool & Snooker,29-Nov-18
ABZU,29-Nov-18
ACA NEOGEO NEO GEO CUP '98: THE ROAD TO THE VICTORY,29-Nov-18
Akihabara - Feel the Rhythm Remixed,29-Nov-18
Animal Hunter Z,29-Nov-18
Arcade Archives ROUTE 16,29-Nov-18
Asterix & Obelix XXL 2,29-Nov-18
Cattails,29-Nov-18
Crimson Keep,29-Nov-18
Dexteritrip,29-Nov-18
Gelly Break,29-Nov-18
GensokyoDefenders,29-Nov-18
Marenian Tavern Story: Patty and the Hungry God,29-Nov-18
NAIRI: Tower of Shirin,29-Nov-18
Screencheat: Unplugged,29-Nov-18
Stardust Galaxy Warriors: Stellar Climax,29-Nov-18
Horizon Chase Turbo,28-Nov-18
R-Type Dimensions EX,28-Nov-18
99Vidas - Definitive Edition,27-Nov-18
Spintires: MudRunner - American Wilds,27-Nov-18
This War of Mine: Complete Edition,27-Nov-18
Mordheim: Warband Skirmish,26-Nov-18
STUMP,23-Nov-18
ACA NEOGEO KING OF THE MONSTERS 2,22-Nov-18
Adventures of Bertram Fiddle Episode 2: A Bleaker Predicklement,22-Nov-18
ATV Drift & Tricks,22-Nov-18
Battery Jam,22-Nov-18
Bibi & Tina - Adventures with Horses,22-Nov-18
Bibi Blocksberg - Big Broom Race 3,22-Nov-18
GEM CRASH,22-Nov-18
Ms. Splosion Man,22-Nov-18
Nidhogg 2,22-Nov-18
Panda Hero,22-Nov-18
Party Hard,22-Nov-18
Please, Don't Touch Anything,22-Nov-18
Steamburg,22-Nov-18
WAKU WAKU SWEETS,22-Nov-18
Word Sudoku by POWGI,22-Nov-18
Zeus Quests Remastered,22-Nov-18
Desktop Soccer,21-Nov-18
Bendy and the Ink Machine,20-Nov-18
kuso,20-Nov-18
Moto Racer 4,20-Nov-18
Storm Boy,20-Nov-18
Warframe,20-Nov-18
Youtubers Life OMG Edition,20-Nov-18
Pokémon: Let's Go, Eevee!,16-Nov-18
Pokémon: Let's Go, Pikachu!,16-Nov-18
Super Mario Party Bundle,16-Nov-18
Circle of Sumo,16-Nov-18
Coloring Book,16-Nov-18
Mars: Chaos Menace,16-Nov-18
Pokémon: Let's Go, Eevee! + Poké Ball Plus Pack,16-Nov-18
Pokémon: Let's Go, Pikachu! + Poké Ball Plus Pack,16-Nov-18
Sid Meier's Civilization VI,16-Nov-18
Toast Time: Smash Up!,16-Nov-18
ACA NEOGEO STAKES WINNER 2,15-Nov-18
Arcade Archives Atomic Robo-Kid,15-Nov-18
Destruction,15-Nov-18
Johnny Turbo's Arcade: Heavy Barrel,15-Nov-18
M.A.C.E. Space Shooter,15-Nov-18
Mimpi Dreams,15-Nov-18
Mother Russia Bleeds,15-Nov-18
ROCKETSROCKETSROCKETS,15-Nov-18
Soap Dodgem,15-Nov-18
SOLITAIRE BATTLE ROYAL,15-Nov-18
Super Hydorah,15-Nov-18
Swamp Defense 2,15-Nov-18
Teddy the Wanderer: Kayaking,15-Nov-18
Tinboy,15-Nov-18
Trailblazers,15-Nov-18
Chalk Dash Carnival,14-Nov-18
Palm Reading Premium,14-Nov-18
Mahjong,13-Nov-18
My Riding Stables - Life with Horses,13-Nov-18
Project Highrise: Architect's Edition,13-Nov-18
SNK 40th ANNIVERSARY COLLECTION,13-Nov-18
Arcade Archives URBAN CHAMPION,9-Nov-18
Collidalot,9-Nov-18
Croc's World,9-Nov-18
Forgotton Anne,9-Nov-18
Noir Chronicles: City of Crime,9-Nov-18
Saboteur!,9-Nov-18
Townsmen,9-Nov-18
Trine Enchanted Edition,9-Nov-18
ACA NEOGEO THRASH RALLY,8-Nov-18
Astebreed,8-Nov-18
Battlezone Gold Edition,8-Nov-18
Crashlands,8-Nov-18
Johnny Turbo's Arcade: Break Thru,8-Nov-18
Johnny Turbo's Arcade: Night Slashers,8-Nov-18
MechaNika,8-Nov-18
Mercenaries Wings: The False Phoenix,8-Nov-18
Picture Painting Puzzle 1000!,8-Nov-18
Rage in Peace,8-Nov-18
Sky Force Anniversary,8-Nov-18
Syberia 1 & 2,8-Nov-18
The Bug Butcher,8-Nov-18
The Walking Vegetables: Radical Edition,8-Nov-18
Timber Tennis: Versus,8-Nov-18
Valiant Hearts: The Great War,8-Nov-18
Varion,8-Nov-18
YouTube,8-Nov-18
CricktoGame: Nintendo Switch Edition,7-Nov-18
Deru - The Art of Cooperation,7-Nov-18
Operation Pig,7-Nov-18
Roarr! Jurassic Edition,7-Nov-18
Brawlhalla,6-Nov-18
Carnival Games,6-Nov-18
Full Metal Furies,6-Nov-18
GRIP,6-Nov-18
Minecraft: Story Mode - Season Two,6-Nov-18
Road Redemption,6-Nov-18
Rogue Legacy,6-Nov-18
Shadow of Loot Box,6-Nov-18
Solitaire,6-Nov-18
The Shapeshifting Detective,6-Nov-18
WORLD OF FINAL FANTASY MAXIMA,6-Nov-18
Moonlighter,5-Nov-18
SkyTime,5-Nov-18
Diablo III: Eternal Collection,2-Nov-18
Elemental Knights R,2-Nov-18
Swap This!,2-Nov-18
Taiko no Tatsujin: Drum 'n' Fun!,2-Nov-18
ACA NEOGEO PLEASURE GOAL : 5 ON 5 MINI SOCCER,1-Nov-18
Grim Fandango Remastered,1-Nov-18
Kitty Love -Way to look for love-,1-Nov-18
Machinarium,1-Nov-18
Transistor,1-Nov-18
Death Mark,31-Oct-18
Hidden Folks,31-Oct-18
Knock-Knock,31-Oct-18
Numbala,31-Oct-18
America's Greatest Game Shows: Wheel of Fortune & Jeopardy!,30-Oct-18
Demon's Crystals,30-Oct-18
Gal Metal,30-Oct-18
Gal Metal World Tour Edition,30-Oct-18
Hasbro Game Night,30-Oct-18
Jeopardy!,30-Oct-18
LEGO Harry Potter Collection,30-Oct-18
Mutant Football League: Dynasty Edition,30-Oct-18
OK K.O.! Let's Play Heroes,30-Oct-18
RISK Global Domination,30-Oct-18
Save me Mr Tako: Tasukete Tako-San,30-Oct-18
Sports Party,30-Oct-18
Steven Universe: Save the Light,30-Oct-18
TRIVIAL PURSUIT Live!,30-Oct-18
Wheel of Fortune,30-Oct-18
Yomawari: The Long Night Collection,30-Oct-18
Professional Farmer: Nintendo Switch Edition,29-Oct-18
SkyScrappers,29-Oct-18
Tennis World Tour,29-Oct-18
911 Operator,26-Oct-18
Freaky Awesome,26-Oct-18
Halloween Pinball,26-Oct-18
MY HERO ONE'S JUSTICE,26-Oct-18
1001 Ultimate Mahjong 2,25-Oct-18
7 Billion Humans,25-Oct-18
ACA NEOGEO SAVAGE REIGN,25-Oct-18
Aqua TV,25-Oct-18
Arcade Archives ALPHA MISSION,25-Oct-18
Black and White Bushido,25-Oct-18
Car Quest,25-Oct-18
Chicken Range,25-Oct-18
DEADBOLT,25-Oct-18
Dracula's Legacy,25-Oct-18
Eternum Ex,25-Oct-18
Fairy Tale PuzzlesMagic Objects,25-Oct-18
Fly O'Clock,25-Oct-18
Friday the 13th: Killer Puzzle,25-Oct-18
Johnny Turbo's Arcade: Heavy Burger,25-Oct-18
Luke & Rebecca,25-Oct-18
PIANISTA,25-Oct-18
Pinstripe,25-Oct-18
Puzzle Wall,25-Oct-18
Startide,25-Oct-18
Storm In A Teacup,25-Oct-18
Suicide Guy: Sleepin' Deeply,25-Oct-18
Super Hyperactive Ninja,25-Oct-18
Word Puzzles by POWGI,25-Oct-18
Deployment,24-Oct-18
Bass Pro Shops: The Strike - Championship Edition,23-Oct-18
Cabela's: The Hunt - Championship Edition,23-Oct-18
Just Dance 2019,23-Oct-18
Nickelodeon Kart Racers,23-Oct-18
PAW Patrol: On a Roll!,23-Oct-18
Windjammers,23-Oct-18
DARK SOULS: REMASTERED,19-Oct-18
I Hate Running Backwards,19-Oct-18
Pizza Titan Ultra,19-Oct-18
The Legend of Evil,19-Oct-18
Tied Together,19-Oct-18
ACA NEOGEO STRIKERS 1945 PLUS,18-Oct-18
Arcade Archives Ninja-Kid II,18-Oct-18
BLACK BIRD,18-Oct-18
Drift Legends,18-Oct-18
Momonga Pinball Adventures,18-Oct-18
Passpartout: The Starving Artist,18-Oct-18
Personality and Psychology Premium,18-Oct-18
Season Match,18-Oct-18
SINNER: Sacrifice for Redemption,18-Oct-18
Spencer,18-Oct-18
SpiderSolitaire BLACK,18-Oct-18
Syberia 3,18-Oct-18
The Room,18-Oct-18
WILL: A Wonderful World,18-Oct-18
Zarvot,18-Oct-18
The Jackbox Party Pack 5,17-Oct-18
Big Buck Hunter Arcade,16-Oct-18
Crayola Scoot,16-Oct-18
EXORDER,16-Oct-18
LEGO DC Super-Villains,16-Oct-18
Rapala Fishing Pro Series,16-Oct-18
Starlink: Battle For Atlas,16-Oct-18
Starlink: Battle For Atlas Digital Edition,16-Oct-18
Valkyria Chronicles,16-Oct-18
WARRIORS OROCHI 4,16-Oct-18
NBA 2K Playgrounds 2,15-Oct-18
The World Ends with You: Final Remix,12-Oct-18
ACA NEOGEO 3 COUNT BOUT,11-Oct-18
Battle Group 2,11-Oct-18
Boom Ball: Boost Edition,11-Oct-18
Chasm,11-Oct-18
Child of Light Ultimate Edition,11-Oct-18
Dungeon Village,11-Oct-18
Feral Fury,11-Oct-18
Game Dev Story,11-Oct-18
Hot Springs Story,11-Oct-18
Iris School of Wizardry -Vinculum Hearts-,11-Oct-18
Joggernauts,11-Oct-18
Madorica Real Estate,11-Oct-18
The MISSING: J.J. Macfield and the Island of Memories,11-Oct-18
The Swindle,11-Oct-18
Tricky Towers,11-Oct-18
Shift Happens,10-Oct-18
Disgaea 1 Complete,9-Oct-18
Goosebumps The Game,9-Oct-18
Mark of the Ninja: Remastered,9-Oct-18
Bombing Busters,8-Oct-18
Guacamelee! Super Turbo Championship Edition,8-Oct-18
Super Mario Party,5-Oct-18
ACA NEOGEO ZUPAPA!,4-Oct-18
Animated Jigsaws: Japanese Women,4-Oct-18
Art of Balance,4-Oct-18
Frutakia 2,4-Oct-18
Hot Gimmick Cosplay-jong for Nintendo Switch,4-Oct-18
Jettomero: Hero of the Universe,4-Oct-18
KEMONO FRIENDS PICROSS,4-Oct-18
oOo: Ascension,4-Oct-18
Party Crashers,4-Oct-18
Revenant Dogma,4-Oct-18
Six Sides of the World,4-Oct-18
Soulblight,4-Oct-18
Splash Blast Panic,4-Oct-18
The Midnight Sanctuary,4-Oct-18
Trouserheart,4-Oct-18
Vertical Drop Heroes HD,4-Oct-18
True Fear: Forsaken Souls - Part 1,3-Oct-18
Batman: The Enemy Within,2-Oct-18
Mega Man 11,2-Oct-18
Mega Man 11 - amiibo Edition,2-Oct-18
Valthirian Arc: Hero School Story,2-Oct-18
Monster Loves You,30-Sep-18
Marble It Up!,29-Sep-18
FIFA 19,28-Sep-18
Splatoon 2: Starter Pack,28-Sep-18
Super Mario Odyssey: Starter Pack,28-Sep-18
The Legend of Zelda: Breath of the Wild: Starter Pack,28-Sep-18
DRAGON BALL FighterZ,28-Sep-18
Giana Sisters: Twisted Dreams - Owltimate Edition,28-Sep-18
Jack N' Jill DX,28-Sep-18
NAMCO MUSEUM ARCADE PAC,28-Sep-18
ACA NEOGEO THE KING OF FIGHTERS 2001,27-Sep-18
Alwa's Awakening,27-Sep-18
Armello,27-Sep-18
Dokuro,27-Sep-18
Hardway Party,27-Sep-18
Moorhuhn Wanted,27-Sep-18
Pilot Sports,27-Sep-18
Rise and Shine,27-Sep-18
Tangrams Deluxe,27-Sep-18
TowerFall,27-Sep-18
Wandersong,27-Sep-18
Whispering Willows,27-Sep-18
Rooms: The Adventure of Anne & George,26-Sep-18
Snake vs Snake,26-Sep-18
A Gummy's Life,25-Sep-18
Arena of Valor,25-Sep-18
Oh My Godheads: Party Edition,25-Sep-18
South Park: The Stick of Truth,25-Sep-18
The Escapists: Complete Edition,25-Sep-18
Think of the Children,25-Sep-18
This is the Police 2,25-Sep-18
Ultimate Chicken Horse,25-Sep-18
Valkyria Chronicles 4,25-Sep-18
Gaokao.Love.100Days,24-Sep-18
Xenoblade Chronicles 2: Torna  The Golden Country,21-Sep-18
Arcade Archives EXCITEBIKE,21-Sep-18
Banner Saga Trilogy,21-Sep-18
Broken Sword 5 - the Serpent's Curse,21-Sep-18
Debris Infinity,21-Sep-18
My Brother Rabbit,21-Sep-18
A Case of Distrust,20-Sep-18
ACA NEOGEO CYBER-LIP,20-Sep-18
DRAGON BALL Z Super Butoden,20-Sep-18
Find The Balance,20-Sep-18
Hover,20-Sep-18
Light Fingers,20-Sep-18
MagiCat,20-Sep-18
Mitsurugi Kamui Hikae,20-Sep-18
Reigns: Kings & Queens,20-Sep-18
Retimed,20-Sep-18
Risk of Rain,20-Sep-18
SEGA AGES Lightening Force: Quest for the Darkstar,20-Sep-18
SEGA AGES Sonic The Hedgehog,20-Sep-18
THE Card: Poker, Texas hold 'em, Blackjack and Page One,20-Sep-18
The Gardens Between,20-Sep-18
Velocity2X,20-Sep-18
Siegecraft Commander,19-Sep-18
Capcom Beat 'Em Up Bundle,18-Sep-18
Labyrinth of Refrain: Coven of Dusk,18-Sep-18
Legendary Fishing,18-Sep-18
Nintendo Entertainment System - Nintendo Switch Online,18-Sep-18
Omvorm,18-Sep-18
Scribblenauts Mega Pack,18-Sep-18
Speed Brawl,18-Sep-18
Sword of the Guardian,18-Sep-18
Undertale,18-Sep-18
ACA NEOGEO AGGRESSORS OF DARK KOMBAT,13-Sep-18
Arcade Archives RYGAR,13-Sep-18
Bastion,13-Sep-18
Broken Age,13-Sep-18
Cities: Skylines - Nintendo Switch Edition,13-Sep-18
Danger Mouse: The Danger Games,13-Sep-18
Defunct,13-Sep-18
Doughlings: Arcade,13-Sep-18
FINAL FANTASY XV POCKET EDITION HD,13-Sep-18
Nefarious,13-Sep-18
Old School Musical,13-Sep-18
SENRAN KAGURA Reflexions,13-Sep-18
Shadow Fight 2,13-Sep-18
Spider Solitaire F,13-Sep-18
Super Dungeon Tactics,13-Sep-18
Surgeon Simulator CPR,13-Sep-18
The Mahjong Huntress,13-Sep-18
The Spectrum Retreat,13-Sep-18
The Warlock of Firetop Mountain: Goblin Scourge Edition!,13-Sep-18
Wasteland 2: Director's Cut,13-Sep-18
Grandpa and the Zombies,12-Sep-18
STAY,12-Sep-18
Time Carnage,12-Sep-18
NBA 2K19,11-Sep-18
Dust: An Elysian Tail,10-Sep-18
SNK HEROINES Tag Team Frenzy,7-Sep-18
FullBlast,7-Sep-18
Mummy Pinball,7-Sep-18
NBA 2K19 20th Anniversary Edition,7-Sep-18
Sigi - A Fart for Melusina,7-Sep-18
Super Inefficient Golf,7-Sep-18
ACA NEOGEO NINJA COMMANDO,6-Sep-18
Broforce,6-Sep-18
Gone Home,6-Sep-18
Hyper Light Drifter - Special Edition,6-Sep-18
Kentucky Robo Chicken,6-Sep-18
Lifeless Planet: Premiere Edition,6-Sep-18
Monkey King: Master of the Clouds,6-Sep-18
Shikhondo - Soul Eater,6-Sep-18
Slice, Dice & Rice,6-Sep-18
GOD WARS The Complete Legend,4-Sep-18
Moonfall Ultimate,4-Sep-18
Ninjin: Clash of Carrots,4-Sep-18
PLANET ALPHA,4-Sep-18
Son of a Witch,4-Sep-18
Claws of Furry,3-Sep-18
Ludomania,31-Aug-18
ACA NEOGEO FOOTBALL FRENZY,30-Aug-18
Arcade Archives ARGUS,30-Aug-18
Azure Reflections,30-Aug-18
Chiki-Chiki Boxy Racers,30-Aug-18
Fall of Light: Darkest Edition,30-Aug-18
Freedom Planet,30-Aug-18
Gakuen Club,30-Aug-18
Gnomes Garden 3: The thief of castles,30-Aug-18
Haunted Dungeons : Hyakki Castle,30-Aug-18
Mini Metro,30-Aug-18
Phantaruk,30-Aug-18
Realpolitiks,30-Aug-18
The Messenger,30-Aug-18
The VideoKid,30-Aug-18
Western 1849 Reloaded,29-Aug-18
Blade Strangers,28-Aug-18
de Blob 2,28-Aug-18
Into the Breach,28-Aug-18
Monster Hunter Generations Ultimate,28-Aug-18
Victor Vran Overkill Edition,28-Aug-18
Earthworms,24-Aug-18
Little Dragons Café,24-Aug-18
Night Trap - 25th Anniversary Edition,24-Aug-18
Space Ribbon,24-Aug-18
ACA NEOGEO CROSSED SWORDS,23-Aug-18
Behind The Screen,23-Aug-18
bloxiq,23-Aug-18
Fernz Gate,23-Aug-18
Flood of Light,23-Aug-18
Hacky Zack,23-Aug-18
Kero Blaster,23-Aug-18
My Farm,23-Aug-18
Shio,23-Aug-18
Sky Gamblers: Storm Raiders,23-Aug-18
The Low Road,23-Aug-18
Toy Stunt Bike: Tiptop's Trials,23-Aug-18
Out of The Box,22-Aug-18
All-Star Fruit Racing,21-Aug-18
Bad North,20-Aug-18
Morphies Law,20-Aug-18
Spectrum,20-Aug-18
Detective Gallo,17-Aug-18
Persian Nights: Sands of Wonders,17-Aug-18
Polygod,17-Aug-18
Treadnauts,17-Aug-18
ACA NEOGEO REAL BOUT FATAL FURY 2,16-Aug-18
CastleStorm,16-Aug-18
EXTREME POKER,16-Aug-18
Johnny Turbo's Arcade: Nitro Ball,16-Aug-18
Keep Talking and Nobody Explodes,16-Aug-18
Manual Samuel,16-Aug-18
Next Up Hero,16-Aug-18
Prison Architect: Nintendo Switch Edition,16-Aug-18
Red's Kingdom,16-Aug-18
Robbotto,16-Aug-18
State of Mind,15-Aug-18
Cosmic Star Heroine,14-Aug-18
FunBox Party,14-Aug-18
The Walking Dead: The Final Season - Season Pass,13-Aug-18
Nightmares from the Deep 2: The Siren's Call,10-Aug-18
TETRA's Escape,10-Aug-18
Tiny Hands Adventure,10-Aug-18
OKAMI HD,9-Aug-18
ACA NEOGEO METAL SLUG 4,9-Aug-18
Arcade Archives Kid's Horehore Daisakusen,9-Aug-18
BlobCat,9-Aug-18
FLIP OVER FROG,9-Aug-18
Megaton Rainfall,9-Aug-18
Minit,9-Aug-18
Shut Eye,9-Aug-18
SubaraCity,9-Aug-18
The Amazing Shinsengumi: Heroes in Love,9-Aug-18
Unexplored,9-Aug-18
Dead Cells,7-Aug-18
Overcooked! 2,7-Aug-18
Flipping Death,7-Aug-18
In Between,7-Aug-18
Slam Land,7-Aug-18
Super Blackjack Battle 2 Turbo Edition - The Card Warriors,7-Aug-18
The Walking Dead: The Complete First Season,7-Aug-18
Loot Monkey: Bling Palace,6-Aug-18
The Inner World,3-Aug-18
1979 Revolution: Black Friday,2-Aug-18
ACA NEOGEO PREHISTORIC ISLE 2,2-Aug-18
Ayakashi Koi Gikyoku -Forbidden Romance with Mysterious Spirit-,2-Aug-18
Catch 'Em! Goldfish Scooping,2-Aug-18
Crush Your Enemies!,2-Aug-18
Cycle 28,2-Aug-18
Eekeemoo - Splinters of the Dark Shard,2-Aug-18
Flat Heroes,2-Aug-18
GREEN,2-Aug-18
Guns, Gore and Cannoli 2,2-Aug-18
Iconoclasts,2-Aug-18
Johnny Turbo's Arcade: Shoot Out,2-Aug-18
Kensh,2-Aug-18
NOT A HERO: SUPER SNAZZY EDITION,2-Aug-18
PICROSS S2,2-Aug-18
Road to Ballhalla,2-Aug-18
Salt and Sanctuary,2-Aug-18
State of Anarchy: Master of Mayhem,1-Aug-18
Code of Princess EX,31-Jul-18
Titan Quest,31-Jul-18
Pixel Action Heroes,30-Jul-18
Element,27-Jul-18
Final Light, The Prison,27-Jul-18
Go Vacation,27-Jul-18
Hello Neighbor,27-Jul-18
2064: Read Only Memories INTEGRAL,26-Jul-18
ACA NEOGEO THE KING OF FIGHTERS '97,26-Jul-18
Arcade Archives OMEGA FIGHTER,26-Jul-18
Banner Saga 3,26-Jul-18
Candle: The Power of the Flame,26-Jul-18
Crossing Souls,26-Jul-18
Dawn of the Breakers,26-Jul-18
Piczle Lines DX 500 More Puzzles!,26-Jul-18
Sleep Tight,26-Jul-18
Bud Spencer & Terence Hill - Slaps And Beans,24-Jul-18
Mega Man X Legacy Collection,24-Jul-18
Mega Man X Legacy Collection 2,24-Jul-18
Semblance,24-Jul-18
Toby: The Secret Mine,24-Jul-18
Life Goes On,23-Jul-18
Zaccaria Pinball,23-Jul-18
Arcade Archives Sky Skipper,20-Jul-18
Heroki,20-Jul-18
Spheroids,20-Jul-18
VSR: Void Space Racing,20-Jul-18
Werewolf Pinball,20-Jul-18
ACA NEOGEO LEAGUE BOWLING,19-Jul-18
Arcade Archives City CONNECTION,19-Jul-18
Battle Supremacy,19-Jul-18
Chicken Assassin: Reloaded,19-Jul-18
Frost,19-Jul-18
Ghost 1.0,19-Jul-18
Guts & Glory,19-Jul-18
Lost Phones Stories,19-Jul-18
NoReload Heroes,19-Jul-18
Pool Panic,19-Jul-18
Pure / Electric Love ""Everyone else!"" - Ema Sakura -,19-Jul-18
Pure / Electric Love ""Look at my eyes!"" - Moe Yamauchi -,19-Jul-18
Sausage Sports Club,19-Jul-18
STARSHIP AVENGER Operation: Take Back Earth,19-Jul-18
Tanzia,19-Jul-18
Animal Rivals: Nintendo Switch Edition,18-Jul-18
The Inner World - The Last Wind Monk,18-Jul-18
The Mooseman,18-Jul-18
VERTICAL STRIKE ENDLESS CHALLENGE,18-Jul-18
Adventure Time: Pirates of the Enchiridion,17-Jul-18
Hand Of Fate 2,17-Jul-18
Hungry Shark World,17-Jul-18
Let's Sing 2018,17-Jul-18
Mugsters,17-Jul-18
Touhou Genso Wanderer Reloaded,17-Jul-18
Beat Rush,16-Jul-18
OCTOPATH TRAVELER,13-Jul-18
Octopath Traveler Wayfarer's Edition,13-Jul-18
Captain Toad: Treasure Tracker,13-Jul-18
Darts Up,13-Jul-18
Epic Loon,13-Jul-18
Super Destronaut DX,13-Jul-18
Voxel Shot for Nintendo Switch,13-Jul-18
ACA NEOGEO THE SUPER SPY,12-Jul-18
Bomb Chicken,12-Jul-18
Fill-a-Pix: Phil's Epic Adventure,12-Jul-18
GALAK-Z: Variant S,12-Jul-18
Holy Potatoes! A Weapon Shop?!,12-Jul-18
Johnny Turbo's Arcade: Express Raider,12-Jul-18
RADIO HAMMER STATION,12-Jul-18
Star Story: The Horizon Escape,12-Jul-18
Super Volley Blast,12-Jul-18
20XX,10-Jul-18
Bomber Crew,10-Jul-18
Hotel Transylvania 3 Monsters Overboard,10-Jul-18
Hunting Simulator,10-Jul-18
Muddledash,10-Jul-18
Neverout,10-Jul-18
Shining Resonance Refrain,10-Jul-18
The Lion's Song,10-Jul-18
Another World,9-Jul-18
Pato Box,9-Jul-18
Rento Fortune Monolit,8-Jul-18
The Wardrobe,6-Jul-18
ACA NEOGEO SAMURAI SHODOWN V,5-Jul-18
ASSAULT GUNNERS HD EDITION,5-Jul-18
Awkward,5-Jul-18
Disease -Hidden Object-,5-Jul-18
Johnny Turbo's Arcade: Two Crude Dudes,5-Jul-18
Kill The Bad Guy,5-Jul-18
Miles & Kilo,5-Jul-18
Mushroom Wars 2,5-Jul-18
Pocket Rumble,5-Jul-18
Squids Odyssey,5-Jul-18
Super Rock Blasters!,5-Jul-18
The Journey Down: Chapter Three,5-Jul-18
Ultra Space Battle Brawl,5-Jul-18
Yuso,5-Jul-18
NEKOPARA Vol.1,4-Jul-18
Red Hot Ricochet,3-Jul-18
Runbow,3-Jul-18
Burnstar,2-Jul-18
SpiritSphere DX,2-Jul-18
Wolfenstein II: The New Colossus,29-Jun-18
Anima: Gate of Memories,29-Jun-18
Crash Bandicoot N. Sane Trilogy,29-Jun-18
Waking Violet,29-Jun-18
ACA NEOGEO Money Puzzle Exchanger,28-Jun-18
Arcade Archives Renegade,28-Jun-18
Dream Alone,28-Jun-18
Figment,28-Jun-18
Fossil Hunters,28-Jun-18
Grave Danger,28-Jun-18
INSIDE,28-Jun-18
LIMBO,28-Jun-18
MotoGP18,28-Jun-18
No Heroes Here,28-Jun-18
Paranautical Activity,28-Jun-18
Photon Cube,28-Jun-18
Survive! MR.CUBE,28-Jun-18
The Journey Down: Chapter Two,28-Jun-18
Angels of Death,27-Jun-18
Air Mail,26-Jun-18
Cubikolor,26-Jun-18
de Blob,26-Jun-18
LUMINES REMASTERED,26-Jun-18
Ys VIII: Lacrimosa of DANA,26-Jun-18
Mario Tennis Aces,22-Jun-18
ACA NEOGEO THE LAST BLADE 2,21-Jun-18
Destiny's Princess: A War Story, A Love Story,21-Jun-18
Drawful 2,21-Jun-18
GUNBIRD2 for Nintendo Switch,21-Jun-18
Johnny Turbo's Arcade: Wizard Fire,21-Jun-18
Lost in Harmony,21-Jun-18
Minecraft,21-Jun-18
MUSYNX,21-Jun-18
Pode,21-Jun-18
The Journey Down: Chapter One,21-Jun-18
Vegas Party,21-Jun-18
Grab the Bottle,20-Jun-18
Anima: Gate of Memories - The Nameless Chronicles,19-Jun-18
Anima: Gate of Memories: Arcane Edition,19-Jun-18
INK,19-Jun-18
The Lost Child,19-Jun-18
FLASHBACK,17-Jun-18
LEGO The Incredibles,15-Jun-18
1917 - The Alien Invasion DX,14-Jun-18
ACA NEOGEO SUPER SIDEKICKS 3 : THE NEXT GLORY,14-Jun-18
Arcade Archives DONKEY KONG,14-Jun-18
Beekyr Reloaded,14-Jun-18
Chameleon Run Deluxe Edition,14-Jun-18
Lanota,14-Jun-18
Mahjong Deluxe 3,14-Jun-18
Moorhuhn Remake,14-Jun-18
Pub Encounter,14-Jun-18
R.B.I. Baseball 18,14-Jun-18
Soccer Slammers,14-Jun-18
WHIP! WHIP!,14-Jun-18
Bloons TD 5,13-Jun-18
Fortnite,12-Jun-18
Hollow Knight,12-Jun-18
Alchemic Jousts,12-Jun-18
Hexologic,12-Jun-18
Paladins,12-Jun-18
Jolt Family Robot Racer,11-Jun-18
Fallout Shelter,10-Jun-18
Operation Hardcore,8-Jun-18
Otto,8-Jun-18
Parallel,8-Jun-18
Sushi Striker: The Way of Sushido,8-Jun-18
A Magical High School Girl,7-Jun-18
ACA NEOGEO RIDING HERO,7-Jun-18
Banner Saga 2,7-Jun-18
D/Generation : The Original,7-Jun-18
GRIDD: Retroenhanced,7-Jun-18
Iro Hero,7-Jun-18
KADOBAT WARS,7-Jun-18
Samurai Defender: Ninja Warfare,7-Jun-18
THE Number Puzzle,7-Jun-18
Shape of the World,6-Jun-18
BLAZBLUE CROSS TAG BATTLE,5-Jun-18
Happy Birthdays,5-Jun-18
Shaq-Fu: A Legend Reborn,5-Jun-18
The Infectious Madness of Doctor Dekker,5-Jun-18
ACA NEOGEO NINJA COMBAT,31-May-18
Defoliation,31-May-18
ICEY,31-May-18
Johnny Turbo's Arcade Joe and Mac Caveman Ninja,31-May-18
Just Shapes & Beats,31-May-18
Lost Sea,31-May-18
Milanoir,31-May-18
Pirate Pop Plus,31-May-18
Pure / Electric Love "What do you want?" - Eri Kitami -,31-May-18
Quad Fighter K,31-May-18
Smoke And Sacrifice,31-May-18
Songbringer,31-May-18
West of Loathing,31-May-18
World Soccer Pinball,31-May-18
Yesterday Origins,31-May-18
Them Bombs!,30-May-18
Pokémon Quest,29-May-18
Die for Valhalla!,29-May-18
Fallen Legion: Rise to Glory,29-May-18
Harvest Moon: Light of Hope Special Edition,29-May-18
Ikaruga,29-May-18
Knights of Pen and Paper +1 Deluxier Edition,29-May-18
Legend of Kay Anniversary,29-May-18
Shift Quantum,29-May-18
Street Fighter 30th Anniversary Collection,29-May-18
Yoku's Island Express,29-May-18
ATOMINE,25-May-18
Dungeon Rushers,25-May-18
Enigmatis 2: The Mists of Ravenwood,25-May-18
Jumping Joe & Friends,25-May-18
Jurassic Pinball,25-May-18
Mecha Storm,25-May-18
PixelJunk Monsters 2,25-May-18
6180 the moon,24-May-18
ACA NEOGEO TOP PLAYER'S GOLF,24-May-18
Arcade Archives Ikki,24-May-18
Baobabs Mausoleum Ep.1: Ovnifagos Don't Eat Flamingos,24-May-18
Bloodstained: Curse of the Moon,24-May-18
Dead Fun Pack: Penguins and Aliens Strike Again,24-May-18
Discovery,24-May-18
Escape Game : Aloha,24-May-18
N++ (NPLUSPLUS),24-May-18
Punch Club,24-May-18
Super Sportmatchen,24-May-18
Zen Bound 2,24-May-18
Disco Dodgeball - REMIX,22-May-18
Mega Man Legacy Collection,22-May-18
Mega Man Legacy Collection 2,22-May-18
Runner3,22-May-18
Legendary Eleven,21-May-18
Trax - Build it Race it,21-May-18
Hyrule Warriors: Definitive Edition,18-May-18
Henry The Hamster Handler,18-May-18
Little Nightmares: Complete Edition,18-May-18
ACA NEOGEO BASEBALL STARS PROFESSIONAL,17-May-18
Banner Saga 1,17-May-18
Fairune Collection,17-May-18
FRAMED Collection,17-May-18
Ice Cream Surfer,17-May-18
Invisiballs,17-May-18
Johnny Turbo's Arcade: Super Burger Time,17-May-18
White Night,17-May-18
Yonder: The Cloud Catcher Chronicles,17-May-18
Battle Chasers: Nightwar,15-May-18
Calculation Castle : Greco's Ghostly Challenge "Addition",15-May-18
Calculation Castle : Greco's Ghostly Challenge "Division",15-May-18
Calculation Castle : Greco's Ghostly Challenge "Multiplication",15-May-18
Calculation Castle : Greco's Ghostly Challenge "Subtraction",15-May-18
FOX n FORESTS,15-May-18
Never Stop,15-May-18
The Adventures of Elena Temple,15-May-18
Wizard of Legend,15-May-18
The Mystery of the Hudson Case,14-May-18
Hyper Sentinel,11-May-18
The Pinball Arcade,11-May-18
ACA NEOGEO SUPER SIDEKICKS 2,10-May-18
Garage,10-May-18
Immortal Redneck,10-May-18
Kitten Squad,10-May-18
ONE PIECE Pirate Warriors 3 Deluxe Edition,10-May-18
SilverStarChess,10-May-18
Suicide Guy,10-May-18
Super Chariot,10-May-18
The Fall,10-May-18
Three Fourths Home: Extended Edition,10-May-18
Death Road to Canada,8-May-18
Raging Justice,8-May-18
Shantae: Half-Genie Hero Ultimate Edition,8-May-18
Donkey Kong Country: Tropical Freeze,4-May-18
Don't Die, Mr Robot!,3-May-18
Japanese Mah-jongg,3-May-18
Johnny Turbo's Arcade: Sly Spy,3-May-18
L.F.O. -Lost Future Omega-,3-May-18
Nihilumbra,3-May-18
Perfect Angle,3-May-18
Professional Construction - The Simulation,3-May-18
Timberman VS,3-May-18
ACA NEOGEO STAKES WINNER,2-May-18
Arcade Archives 10-Yard Fight,2-May-18
Animal Super Squad,1-May-18
Arcade Archives TERRA CRESTA,1-May-18
Super Saurio Fly,28-Apr-18
12 orbits,27-Apr-18
Aqua Moto Racing Utopia,27-Apr-18
Bouncy Bob,27-Apr-18
DragoDino,27-Apr-18
Jotun: Valhalla Edition,27-Apr-18
Save the Ninja Clan,27-Apr-18
Snow Moto Racing Freedom,27-Apr-18
A Robot Named Fight,26-Apr-18
ACA NEOGEO GHOST PILOTS,26-Apr-18
Agatha Knife,26-Apr-18
Another Lost Phone: Laura's Story,26-Apr-18
Glaive: Brick Breaker,26-Apr-18
Goetia,26-Apr-18
KORG Gadget for Nintendo Switch,26-Apr-18
Late Shift,26-Apr-18
Light Fall,26-Apr-18
NARUTO SHIPPUDEN: Ultimate Ninja STORM 2,26-Apr-18
NARUTO SHIPPUDEN: Ultimate Ninja STORM 3 Full Burst,26-Apr-18
NARUTO SHIPPUDEN: Ultimate Ninja Storm Trilogy,26-Apr-18
NARUTO: Ultimate Ninja STORM,26-Apr-18
Saturday Morning RPG,26-Apr-18
Sky Rogue,26-Apr-18
SKYPEACE,26-Apr-18
Sparkle ZERO,26-Apr-18
Where Are My Friends?,25-Apr-18
Firefighters - The Simulation,24-Apr-18
Firefighters: Airport Fire Department,24-Apr-18
Gal*Gun 2,24-Apr-18
Hello Kitty Kruisers,24-Apr-18
South Park: The Fractured But Whole,24-Apr-18
The Way Remastered,20-Apr-18
ACA NEOGEO REAL BOUT FATAL FURY SPECIAL,19-Apr-18
BAFL - Brakes Are For Losers,19-Apr-18
Manticore - Galaxy on Fire,19-Apr-18
Neo ATLAS 1469,19-Apr-18
Ninja Striker!,19-Apr-18
Skee-Ball,19-Apr-18
Cast of the Seven Godsends,18-Apr-18
InkSplosion,18-Apr-18
Party Trivia,18-Apr-18
Splitter Critters,18-Apr-18
It's Spring Again,17-Apr-18
Wild Guns Reloaded,17-Apr-18
Football Manager Touch 2018,13-Apr-18
Pirates: All Aboard!,13-Apr-18
#Breakforcist Battle,12-Apr-18
ACA NEOGEO Gururin,12-Apr-18
Asdivine Hearts,12-Apr-18
Burly Men at Sea,12-Apr-18
Don't Starve: Nintendo Switch Edition,12-Apr-18
Drone Fight,12-Apr-18
Eternal Edge,12-Apr-18
Regalia: Of Men and Monarchs - Royal Edition,12-Apr-18
Rogue Aces,12-Apr-18
Shelter Generations,12-Apr-18
Skies of Fury DX,12-Apr-18
Streets of Red - Devil's Dare Deluxe,12-Apr-18
Zotrix: Solar Division,12-Apr-18
Bombslinger,11-Apr-18
Deep Ones,11-Apr-18
Masters of Anima,10-Apr-18
Super Daryl Deluxe,10-Apr-18
The Bunker,9-Apr-18
Splat the Fruit,6-Apr-18
ACA NEOGEO SAMURAI SHODOWN III,5-Apr-18
Animated Jigsaws: Beautiful Japanese Scenery,5-Apr-18
Arcade Archives Ninja-Kid,5-Apr-18
Dragon Blaze for Nintendo Switch,5-Apr-18
Infernium,5-Apr-18
Johnny Turbo's Arcade: Bad Dudes,5-Apr-18
Octocopter: Double or Squids,5-Apr-18
Sally's Law,5-Apr-18
Sling Ming,5-Apr-18
Sumer,5-Apr-18
Super Rocket Shootout,5-Apr-18
Urban Trial Playground,5-Apr-18
Metropolis: Lux Obscura,4-Apr-18
Penny-Punching Princess,3-Apr-18
The Adventure Pals,3-Apr-18
Spartan,1-Apr-18
Alteric,30-Mar-18
Arcade Archives PUNCH-OUT!!,30-Mar-18
Devious Dungeon,30-Mar-18
Farm Expert 2018 for Nintendo Switch,30-Mar-18
Shadow Bug,30-Mar-18
Toki Tori,30-Mar-18
ACA NEOGEO SENGOKU 3,29-Mar-18
ClusterPuck 99,29-Mar-18
Gotcha Racing 2nd,29-Mar-18
Lode Runner Legacy,29-Mar-18
TENGAI for Nintendo Switch,29-Mar-18
The Adventures of Bertram Fiddle: Episode 1: A Dreadly Business,29-Mar-18
The Charming Empire,29-Mar-18
Word Search by POWGI,29-Mar-18
Zombillie,29-Mar-18
Atelier Lydie & Suelle The Alchemists and the Mysterious Paintings,27-Mar-18
D/Generation HD,27-Mar-18
Outlast 2,27-Mar-18
Warp Shift,27-Mar-18
Castle of Heart,23-Mar-18
ACA NEOGEO WORLD HEROES 2 JET,22-Mar-18
Arcade Archives MOON PATROL,22-Mar-18
EAT BEAT DEADSPIKE-san,22-Mar-18
Gekido Kintaro's Revenge,22-Mar-18
NO THING,22-Mar-18
OPUS: Rocket of Whispers,22-Mar-18
Slayaway Camp: Butcher's Cut,22-Mar-18
SOL DIVIDE -SWORD OF DARKNESS- for Nintendo Switch,22-Mar-18
Attack on Titan 2,20-Mar-18
Shantae and the Pirate's Curse,20-Mar-18
Swim Out,20-Mar-18
Kirby Star Allies,16-Mar-18
Splatoon 2 - Starter Edition,16-Mar-18
Last Day of June,16-Mar-18
Tesla vs Lovecraft,16-Mar-18
ACA NEOGEO AERO FIGHTERS 3,15-Mar-18
BINGO for Nintendo Switch,15-Mar-18
Clustertruck,15-Mar-18
Enchanting Mahjong Match,15-Mar-18
Gem Smashers,15-Mar-18
Neonwall,15-Mar-18
Sparkle 3 Genesis,15-Mar-18
The Long Reach,15-Mar-18
WorldNeverland - Elnea Kingdom,15-Mar-18
Coffin Dodgers,13-Mar-18
Danmaku Unlimited 3,13-Mar-18
Spiral Splatter,13-Mar-18
Flinthook,9-Mar-18
Kona,9-Mar-18
One Eyed Kutkh,9-Mar-18
Spy Chameleon,9-Mar-18
TurtlePop: Journey to Freedom,9-Mar-18
ACA NEOGEO REAL BOUT FATAL FURY,8-Mar-18
Bit Dungeon Plus,8-Mar-18
Bleed 2,8-Mar-18
EARTHLOCK,8-Mar-18
I, Zombie,8-Mar-18
Midnight Deluxe,8-Mar-18
Steredenn: Binary Stars,8-Mar-18
The Men of Yoshiwara: Ohgiya,8-Mar-18
The Trail: Frontier Challenge,8-Mar-18
World Conqueror X,8-Mar-18
Fear Effect Sedna,6-Mar-18
NORTH,6-Mar-18
Scribblenauts: Showdown,6-Mar-18
Grid Mania,2-Mar-18
Super Toy Cars,2-Mar-18
A Hole New World,1-Mar-18
A Normal Lost Phone,1-Mar-18
ACA NEOGEO SENGOKU 2,1-Mar-18
Arcade Archives STAR FORCE,1-Mar-18
Damascus Gear Operation Tokyo,1-Mar-18
Detention,1-Mar-18
GUILT BATTLE ARENA,1-Mar-18
Little Triangle,1-Mar-18
Mulaka,1-Mar-18
Packet Queen #,1-Mar-18
Paper Wars: Cannon Fodder Devastated,1-Mar-18
Poisoft Thud Card,1-Mar-18
Subsurface Circular,1-Mar-18
Totes the Goat,1-Mar-18
Air Hockey,28-Feb-18
Bridge Constructor Portal,28-Feb-18
Outlast: Bundle of Terror,27-Feb-18
PAYDAY 2,27-Feb-18
Spot The Difference,26-Feb-18
The Final Station,23-Feb-18
Toki Tori 2+: Nintendo Switch Edition,23-Feb-18
Twin Robots: Ultimate Edition,23-Feb-18
ACA NEOGEO MAGICAL DROP III,22-Feb-18
Ace of Seafood,22-Feb-18
Arcade Archives HEROIC EPISODE,22-Feb-18
Dragon Sinker,22-Feb-18
Hollow,22-Feb-18
MEMBRANE,22-Feb-18
PAC-MAN CHAMPIONSHIP EDITION 2 PLUS,22-Feb-18
Radiation Island,22-Feb-18
Spacecats with Lasers,22-Feb-18
Superola and the Lost Burgers,22-Feb-18
Typoman,22-Feb-18
Layers of Fear: Legacy,21-Feb-18
Old Man's Journey,20-Feb-18
POOL,20-Feb-18
Puzzle Puppers,20-Feb-18
Bayonetta,16-Feb-18
Bayonetta 2,16-Feb-18
Bayonetta 2 - Digital Version,16-Feb-18
Fe,16-Feb-18
Joe Dever's Lone Wolf,16-Feb-18
ACA NEOGEO FATAL FURY 3,15-Feb-18
AQUA KITTY UDX,15-Feb-18
ESCAPE TRICK: 35 Fateful Enigmas,15-Feb-18
Johnny Turbo's Arcade: Gate Of Doom,15-Feb-18
Millie,15-Feb-18
Pool BILLIARD,15-Feb-18
Samurai Aces for Nintendo Switch,15-Feb-18
TorqueL -Physics Modified Edition-,15-Feb-18
Wanderjahr TryAgainOrWalkAway,15-Feb-18
Xeodrifter,15-Feb-18
Monster Energy Supercross - The Official Videogame,13-Feb-18
Owlboy,13-Feb-18
The Fall Part 2: Unbound,13-Feb-18
The Longest Five Minutes,13-Feb-18
Dragon Quest Builders,9-Feb-18
ACA NEOGEO 2020 SUPER BASEBALL,8-Feb-18
Aegis Defenders,8-Feb-18
Aperion Cyberstorm,8-Feb-18
Arcade Archives CRAZY CLIMBER,8-Feb-18
ATOMIK: RunGunJumpGun,8-Feb-18
Disc Jam,8-Feb-18
Mercenaries Saga Chronicles,8-Feb-18
The Darkside Detective,7-Feb-18
Black Hole,6-Feb-18
Dandara,6-Feb-18
Mercenary Kings Reloaded,6-Feb-18
Premium Pool Arena,6-Feb-18
Mad Carnage,2-Feb-18
3D MiniGolf,1-Feb-18
ACA NEOGEO SAMURAI SHODOWN II,1-Feb-18
AeternoBlade,1-Feb-18
Crypt of the NecroDancer: Nintendo Switch Edition,1-Feb-18
Frederic 2: Evil Strikes Back,1-Feb-18
Her Majesty's SPIFFING,1-Feb-18
Island Flight Simulator,1-Feb-18
Night in the Woods,1-Feb-18
Shiftlings - Enhanced Edition,1-Feb-18
Sky Force Reloaded,1-Feb-18
SteamWorld Dig,1-Feb-18
The Men of Yoshiwara: Kikuya,1-Feb-18
10 Second Run RETURNS,25-Jan-18
ACA NEOGEO WORLD HEROES 2,25-Jan-18
Arcade Archives Kid Niki Radical Ninja,25-Jan-18
CELESTE,25-Jan-18
Dustoff Heli Rescue 2,25-Jan-18
EARTH WARS,25-Jan-18
FANTASY HERO unsigned legacy,25-Jan-18
Space Dave,25-Jan-18
STRIKERS1945 II for Nintendo Switch,25-Jan-18
Super One More Jump,25-Jan-18
Tachyon Project,25-Jan-18
Tennis,25-Jan-18
ZERO GUNNER 2- for Nintendo Switch,25-Jan-18
LOST SPHEAR,23-Jan-18
Shu,23-Jan-18
ChromaGun,22-Jan-18
Baseball Riot,19-Jan-18
Nuclien,19-Jan-18
Vesta,19-Jan-18
ACA NEOGEO POWER SPIKES II,18-Jan-18
Ambition of the Slimes,18-Jan-18
Arcade Archives DOUBLE DRAGON,18-Jan-18
Darkest Dungeon,18-Jan-18
Oh...Sir! The Hollywood Roast,18-Jan-18
Oh...Sir! The Insult Simulator,18-Jan-18
Qbik,18-Jan-18
Tales of the Tiny Planet,18-Jan-18
World to the West,18-Jan-18
Energy Balance,16-Jan-18
InnerSpace,16-Jan-18
Nightmare Boy,16-Jan-18
Gunhouse,15-Jan-18
Azkend 2: The World Beneath,12-Jan-18
BRAWL,12-Jan-18
ACA NEOGEO ART OF FIGHTING 2,11-Jan-18
Draw a Stickman: EPIC 2,11-Jan-18
Energy Invasion,11-Jan-18
Furi,11-Jan-18
Moorhuhn Knights & Castles,11-Jan-18
OF MICE AND SAND -REVISED-,11-Jan-18
Rally Racers,11-Jan-18
Super Meat Boy,11-Jan-18
The Escapists 2,11-Jan-18
ACA NEOGEO KING OF THE MONSTERS,4-Jan-18
Grand Prix Rock 'N Racing,4-Jan-18
NBA Playgrounds - Enhanced Edition,4-Jan-18
Pic-a-Pix Deluxe,4-Jan-18
Stikbold! A Dodgeball Adventure DELUXE,4-Jan-18
ACA NEOGEO THE KING OF FIGHTERS '96,28-Dec-17
SteamWorld Heist: Ultimate Edition,28-Dec-17
Energy Cycle,25-Dec-17
Sparkle Unleashed,25-Dec-17
Bloody Zombies,23-Dec-17
Arcade Archives VS. SUPER MARIO BROS.,22-Dec-17
Heart&Slash,22-Dec-17
Tactical Mind,22-Dec-17
ACA NEOGEO PULSTAR,21-Dec-17
Blossom Tales: The Sleeping King,21-Dec-17
Frederic: Resurrection of Music,21-Dec-17
FruitFall Crush,21-Dec-17
Guns, Gore and Cannoli,21-Dec-17
Max: The Curse of Brotherhood,21-Dec-17
Mom Hid My Game!,21-Dec-17
Puzzle Box Maker,21-Dec-17
The Coma: Recut,21-Dec-17
The Deer God,21-Dec-17
The Next Penelope,21-Dec-17
TINY METAL,21-Dec-17
Tiny Troopers Joint Ops XL,21-Dec-17
Woodle Tree Adventures,21-Dec-17
Brawlout,19-Dec-17
Crawl,19-Dec-17
DragonFangZ - The Rose & Dungeon of Time,19-Dec-17
60 Seconds!,18-Dec-17
Hiragana Pixel Party,16-Dec-17
Romancing SaGa 2,15-Dec-17
Unepic,15-Dec-17
ACA NEOGEO THE LAST BLADE,14-Dec-17
Black The Fall,14-Dec-17
Bleed,14-Dec-17
Enter the Gungeon,14-Dec-17
Gorogoa,14-Dec-17
Hammerwatch,14-Dec-17
Mecho Tales,14-Dec-17
Mutant Mudds Collection,14-Dec-17
Never Stop Sneakin',14-Dec-17
One More Dungeon,14-Dec-17
Poly Bridge,14-Dec-17
RXN -Raijin-,14-Dec-17
Unholy Heights,14-Dec-17
Yooka-Laylee,14-Dec-17
Party Planet,12-Dec-17
Pinball FX3,12-Dec-17
Stern Pinball Arcade,12-Dec-17
The End Is Nigh,12-Dec-17
Tennis in the Face,8-Dec-17
ACA NEOGEO TOP HUNTER RODDY & CATHY,7-Dec-17
ACORN Tactics,7-Dec-17
Dimension Drive,7-Dec-17
Embers of Mirrim,7-Dec-17
Floor Kids,7-Dec-17
GUNBIRD for Nintendo Switch,7-Dec-17
Human: Fall Flat,7-Dec-17
Phantom Breaker: Battle Grounds Overdrive,7-Dec-17
Plague Road,7-Dec-17
Plantera Deluxe,7-Dec-17
Red Game Without a Great Name,7-Dec-17
Riptide GP: Renegade,7-Dec-17
Slain: Back From Hell,7-Dec-17
Teslagrad,7-Dec-17
The Sexy Brutale,7-Dec-17
TouchBattleTankSP,7-Dec-17
Vostok Inc.,7-Dec-17
Ydanji,7-Dec-17
WWE 2K18,6-Dec-17
Caveman Warriors,5-Dec-17
Nine Parchments,5-Dec-17
Xenoblade Chronicles 2,1-Dec-17
Xenoblade Chronicles 2 Special Edition,1-Dec-17
ACA NEOGEO WORLD HEROES,30-Nov-17
Arcade Archives Traverse USA,30-Nov-17
MUJO,30-Nov-17
OPUS: The Day We Found Earth,30-Nov-17
Portal Knights,30-Nov-17
Serial Cleaner,30-Nov-17
Star Ghost,30-Nov-17
Syberia 2,30-Nov-17
Resident Evil Revelations,28-Nov-17
Resident Evil Revelations 2,28-Nov-17
Resident Evil Revelations Collection,27-Nov-17
Crimsonland,24-Nov-17
The Legend of Zelda: Breath of the Wild Explorer's Edition,23-Nov-17
Kid Tripp,23-Nov-17
Letter Quest Remastered,23-Nov-17
Mantis Burn Racing,23-Nov-17
Stick It to The Man,23-Nov-17
Transcripted,23-Nov-17
Worms W.M.D,23-Nov-17
ACA NEOGEO SOCCER BRAWL,22-Nov-17
Dead Synchronicity: Tomorrow Comes Today,21-Nov-17
Gear.Club Unlimited,21-Nov-17
MXGP3 - The Official Motocross Videogame,21-Nov-17
SUPERBEAT: XONiC,21-Nov-17
Unbox: Newbie's Adventure,21-Nov-17
Uurnog Uurnlimited,21-Nov-17
Battle Chef Brigade,20-Nov-17
Lumo,20-Nov-17
Mario + Rabbids Kingdom Battle Gold Edition,17-Nov-17
The Elder Scrolls V: Skyrim,17-Nov-17
Aces of the Luftwaffe - Squadron,17-Nov-17
Ginger: Beyond the Crystal,17-Nov-17
Green Game: TimeSwapper,17-Nov-17
RIVE: Ultimate Edition,17-Nov-17
VVVVVV,17-Nov-17
Xenoraid,17-Nov-17
ACA NEOGEO KARNOV'S REVENGE,16-Nov-17
Antiquia Lost,16-Nov-17
Batman - The Telltale Series,14-Nov-17
Ben 10,14-Nov-17
Ittle Dew 2+,14-Nov-17
L.A. Noire,14-Nov-17
LEGO Marvel Super Heroes 2,14-Nov-17
RiME,14-Nov-17
Rocket League,14-Nov-17
Rocket League: Collector's Edition,14-Nov-17
Snipperclips Plus - Cut it out, together!,10-Nov-17
Cat Quest,10-Nov-17
DOOM,10-Nov-17
ACA NEOGEO STREET HOOP,9-Nov-17
Hulu,9-Nov-17
Koi DX,9-Nov-17
Maria The Witch,9-Nov-17
Octodad: Dadliest Catch,9-Nov-17
Rock 'N Racing Off Road DX,9-Nov-17
Spellspire,9-Nov-17
Super Putty Squad,9-Nov-17
Tallowmere,9-Nov-17
Farming Simulator Nintendo Switch Edition,7-Nov-17
Heroes of the Monkey Tavern,7-Nov-17
Sonic Forces,7-Nov-17
UNO for Nintendo Switch,7-Nov-17
ACA NEOGEO ART OF FIGHTING 3,2-Nov-17
Chess Ultra,2-Nov-17
Morphite,2-Nov-17
Sparkle 2 EVO,2-Nov-17
Super Beat Sports,2-Nov-17
Wheels of Aurelia,2-Nov-17
Cartoon Network: Battle Crashers,31-Oct-17
MONOPOLY for Nintendo Switch,31-Oct-17
Monster Jam Crush It!,31-Oct-17
Perception,31-Oct-17
King Oddball,30-Oct-17
Super Mario Odyssey,27-Oct-17
ACA NEOGEO MUTATION NATION,26-Oct-17
Moon Hunters,26-Oct-17
Splasher,26-Oct-17
Time Recoil,26-Oct-17
Violett,26-Oct-17
ZOMBIE GOLD RUSH,26-Oct-17
Just Dance 2018,24-Oct-17
Knight Terrors,24-Oct-17
Nights of Azure 2: Bride of the New Moon,24-Oct-17
Poi: Explorer Edition,24-Oct-17
The Mummy Demastered,24-Oct-17
This Is the Police,24-Oct-17
Fire Emblem Warriors,20-Oct-17
Fire Emblem Warriors Special Edition,20-Oct-17
Syberia,20-Oct-17
ACA NEOGEO ROBO ARMY,19-Oct-17
Elliot Quest,19-Oct-17
JYDGE,19-Oct-17
Party Golf,19-Oct-17
Revenant Saga,19-Oct-17
Spelunker Party!,19-Oct-17
Super Ping Pong Trick Shot,19-Oct-17
The Count Lucanor,19-Oct-17
The Jackbox Party Pack 4,19-Oct-17
Putty Pals,18-Oct-17
Don't Knock Twice,17-Oct-17
Rogue Trooper Redux,17-Oct-17
88 Heroes - 98 Heroes Edition,12-Oct-17
ACA NEOGEO THE KING OF FIGHTERS '95,12-Oct-17
Neon Chrome,12-Oct-17
Squareboy vs Bullies: Arena Edition,12-Oct-17
The Flame In The Flood: Complete Edition,12-Oct-17
Wulverblade,12-Oct-17
Yono and the Celestial Elephants,12-Oct-17
Tiny Barbarian DX,10-Oct-17
Touhou Kobuto V: Burst Battle,10-Oct-17
OXENFREE,6-Oct-17
ACA NEOGEO METAL SLUG X,5-Oct-17
Axiom Verge,5-Oct-17
Earth Atlantis,5-Oct-17
Ninja Shodown,5-Oct-17
Stardew Valley,5-Oct-17
Tumblestone,5-Oct-17
Volgarr the Viking,5-Oct-17
Lovers in a Dangerous Spacetime,3-Oct-17
FIFA 18,29-Sep-17
ONE PIECE: Unlimited World Red Deluxe Edition,29-Sep-17
ACA NEOGEO BURNING FIGHT,28-Sep-17
Astro Bears Party,28-Sep-17
Binaries,28-Sep-17
Brave Dungeon + Dark Witch Story:COMBAT,28-Sep-17
BUTCHER,28-Sep-17
Conga Master Party!,28-Sep-17
DEEMO,28-Sep-17
Golf Story,28-Sep-17
INVERSUS Deluxe,28-Sep-17
Pankapu,28-Sep-17
Physical Contact: Picture Place,28-Sep-17
PICROSS S,28-Sep-17
Sparkle 2,28-Sep-17
Tower Of Babel,28-Sep-17
Arcade Archives Mario Bros.,27-Sep-17
Sine Mora EX,26-Sep-17
Pokkén Tournament DX,22-Sep-17
DRAGON BALL Xenoverse 2 for Nintendo Switch,22-Sep-17
LEGO NINJAGO Movie Video Game,22-Sep-17
ACA NEOGEO ART OF FIGHTING,21-Sep-17
SteamWorld Dig 2,21-Sep-17
Thimbleweed Park,21-Sep-17
Soldam: Drop, Connect, Erase,20-Sep-17
NBA 2K18,15-Sep-17
NBA 2K18 Legend Edition,15-Sep-17
NBA 2K18 Legend Edition Gold,15-Sep-17
Robonauts,15-Sep-17
36 Fragments of Midnight,14-Sep-17
ACA NEOGEO SPIN MASTER,14-Sep-17
Beach Buggy Racing,14-Sep-17
Kingdom: New Lands,14-Sep-17
PAN-PAN A tiny big adventure,14-Sep-17
Quest of Dungeons,14-Sep-17
Semispheres,14-Sep-17
Rayman Legends Definitive Edition,12-Sep-17
ACA NEOGEO BLUE'S JOURNEY,7-Sep-17
Double Dragon 4,7-Sep-17
Lichtspeer: Double Speer Edition,7-Sep-17
NeuroVoider,7-Sep-17
Physical Contact: 2048,7-Sep-17
The Bridge,7-Sep-17
LEGO Worlds,5-Sep-17
R.B.I. Baseball 17,5-Sep-17
ACA NEOGEO ZED BLADE,31-Aug-17
Azure Striker GUNVOLT: STRIKER PACK,31-Aug-17
League of Evil,31-Aug-17
Mario + Rabbids Kingdom Battle,29-Aug-17
ACA NEOGEO PUZZLED,24-Aug-17
forma.8,24-Aug-17
Piczle Lines DX,24-Aug-17
Minecraft: Story Mode - The Complete Adventure,22-Aug-17
ACA NEOGEO MAGICIAN LORD,17-Aug-17
Sky Ride,17-Aug-17
The Jackbox Party Pack,17-Aug-17
The Jackbox Party Pack 2,17-Aug-17
Sonic Mania,15-Aug-17
Troll and I,15-Aug-17
Flip Wars,10-Aug-17
ACA NEOGEO THE KING OF FIGHTERS 2000,10-Aug-17
IRONCAST,10-Aug-17
Phantom Trigger,10-Aug-17
Rocket Fist,10-Aug-17
Severed,8-Aug-17
ACA NEOGEO AERO FIGHTERS 2,3-Aug-17
GUNBARICH for Nintendo Switch,3-Aug-17
Puzzle Adventure Blockle,3-Aug-17
Retro City Rampage DX,3-Aug-17
Slime-san,3-Aug-17
STRIKERS1945 for Nintendo Switch,3-Aug-17
Use Your Words,3-Aug-17
Infinite Minigolf,28-Jul-17
NAMCO MUSEUM,28-Jul-17
NAMCO MUSEUM (PAC-MAN VS. Free Multiplayer-only Ver.),28-Jul-17
Ultra Hyperball,28-Jul-17
ACA NEOGEO SUPER SIDEKICKS,27-Jul-17
Overcooked Special Edition,27-Jul-17
Physical Contact: SPEED,27-Jul-17
Qbics Paint,27-Jul-17
Fate/EXTELLA: The Umbral Star,25-Jul-17
Splatoon 2,21-Jul-17
ACA NEOGEO SAMURAI SHODOWN,20-Jul-17
BOOST BEAST,20-Jul-17
ACA NEOGEO FATAL FURY SPECIAL,13-Jul-17
De Mambo,13-Jul-17
Death Squared,13-Jul-17
I and Me,13-Jul-17
Levels+ : Addictive Puzzle Game,13-Jul-17
ACA NEOGEO METAL SLUG 2,6-Jul-17
Bulb Boy,6-Jul-17
IMPLOSION,6-Jul-17
Shephy,6-Jul-17
Vaccine,6-Jul-17
ACA NEOGEO MAGICAL DROP II,29-Jun-17
GoNNER,29-Jun-17
ACA NEOGEO FATAL FURY 2,22-Jun-17
Oceanhorn - Monster of Uncharted Seas,22-Jun-17
Cave Story+,20-Jun-17
ARMS,16-Jun-17
ACA NEOGEO SENGOKU,15-Jun-17
MIGHTY GUNVOLT BURST,15-Jun-17
Cars 3: Driven to Win,13-Jun-17
ACA NEOGEO SHOCK TROOPERS 2nd Squad,8-Jun-17
Shantae: Half-Genie Hero,8-Jun-17
ACA NEOGEO LAST RESORT,1-Jun-17
Astro Duel Deluxe,30-May-17
Ultra Street Fighter II: The Final Challengers,26-May-17
ACA NEOGEO THE KING OF FIGHTERS '99,25-May-17
Disgaea 5 Complete,23-May-17
ACA NEOGEO GALAXY FIGHT: UNIVERSAL WARRIORS,18-May-17
Thumper,18-May-17
Minecraft: Nintendo Switch Edition - Digital Version,11-May-17
ACA NEOGEO GAROU: MARK OF THE WOLVES,11-May-17
Dark Witch Music Episode: Rudymical,11-May-17
ACA NEOGEO BLAZING STAR,2-May-17
TumbleSeed,2-May-17
Mario Kart 8 Deluxe,28-Apr-17
ACA NEOGEO OVER TOP,27-Apr-17
KAMIKO,27-Apr-17
Puyo Puyo Tetris,25-Apr-17
Puyo Puyo Tetris,25-Apr-17
ACA NEOGEO FATAL FURY,20-Apr-17
Wonder Boy: The Dragon's Trap,18-Apr-17
ACA NEOGEO SAMURAI SHODOWN IV,13-Apr-17
Mr. Shifty,13-Apr-17
The Jackbox Party Pack 3,13-Apr-17
ACA NEOGEO ALPHA MISSION II,6-Apr-17
Graceful Explosion Machine,6-Apr-17
Vroom in the Night Sky,5-Apr-17
LEGO CITY Undercover,4-Apr-17
ACA NEOGEO METAL SLUG,30-Mar-17
Has Been Heroes,28-Mar-17
Snake Pass,28-Mar-17
ACA NEOGEO NEO TURF MASTERS,23-Mar-17
New Frontier Days Founding Pioneers,23-Mar-17
Othello,23-Mar-17
The Binding of Isaac: Afterbirth+,17-Mar-17
ACA NEOGEO THE KING OF FIGHTERS '94,16-Mar-17
Human Resource Machine,16-Mar-17
Little Inferno,16-Mar-17
World of Goo,16-Mar-17
Blaster Master Zero,9-Mar-17
ACA NEOGEO METAL SLUG 3,9-Mar-17
ACA NEOGEO NAM-1975,9-Mar-17
ACA NEOGEO SHOCK TROOPERS,9-Mar-17
ACA NEOGEO THE KING OF FIGHTERS '98,9-Mar-17
ACA NEOGEO WAKU WAKU 7,9-Mar-17
ACA NEOGEO WORLD HEROES PERFECT,9-Mar-17
VOEZ,9-Mar-17
1-2-Switch,3-Mar-17
Just Dance 2017,3-Mar-17
Shovel Knight: Specter of Torment,3-Mar-17
Shovel Knight: Treasure Trove,3-Mar-17
Snipperclips - Cut it out, together!,3-Mar-17
Super Bomberman R,3-Mar-17
The Legend of Zelda: Breath of the Wild,3-Mar-17
The Legend of Zelda: Breath of the Wild - Master Edition,3-Mar-17
The Legend of Zelda: Breath of the Wild - Special Edition,3-Mar-17
Fast RMX,3-Mar-17
I am Setsuna,3-Mar-17
SKYLANDERS IMAGINATORS,3-Mar-17
