Metropolis: Lux Obscura,2018-04-04,56
Penny-Punching Princess,2018-04-03,56
The Adventure Pals,2018-04-03,56
Spartan,2018-04-01,56
Alteric,2018-03-30,56
Arcade Archives PUNCH-OUT!!,2018-03-30,56
Devious Dungeon,2018-03-30,56
Farm Expert 2018 for Nintendo Switch,2018-03-30,56
Shadow Bug,2018-03-30,56
Toki Tori,2018-03-30,56
ACA NEOGEO SENGOKU 3,2018-03-29,56
ClusterPuck 99,2018-03-29,56
Gotcha Racing 2nd,2018-03-29,56
Lode Runner Legacy,2018-03-29,56
TENGAI for Nintendo Switch,2018-03-29,56
The Adventures of Bertram Fiddle: Episode 1: A Dreadly Business,2018-03-29,56
The Charming Empire,2018-03-29,56
Word Search by POWGI,2018-03-29,56
Zombillie,2018-03-29,56
